doc_id,User Names,Reviews,cleaned_data,sentiments
0,morino-59166,"When I saw the magnificent Heath ledger a few years a go in his excellent role as a joker I doubted that any one can make such an amazing performance as Heath did . Years after Heath tragic death üíî that break our hearts Joaquin Phoenix bring the tears into our eyes again for this masterpiece , I can't really find the words to describe how Phoenix was great , the cinematography is absolutely amazing the music is outstanding, I know that Phoenix is a great actor especially in his beautiful role in HER but actually in his new role as ajoker I think he put a new standard out there and I doubt that it will be some years before any one could reach it",when i saw magnificent heath ledger years go excellent role joker i doubted one make amazing performance heath years heath tragic death break hearts joaquin phoenix bring tears eyes masterpiece i cant really find words describe phoenix great cinematography absolutely amazing music outstanding i know phoenix great actor especially beautiful role her actually new role ajoker i think put new standard i doubt years one could reach,positive
1,asassandroo,"I can say that i'm really grateful that movies like this one haven't died yet. I waited so long for this movie, wishing not to be bad one. I went to the theater with so much hope because of the reviews here. I finished the movie in completely silence.. i really thought that i should see it again even though it was 2 am. I never really had this kind of feeling since interstellar. It's a masterpiece.. everything excellent and has been done with passion. Thanks Joaquin And Tod for this movie. I'm SPEECHLESS. It's pure drama my friends just don't miss it go and watch it and put on a happy face, or silent one i could say.",i say im really grateful movies like one havent died yet i waited long movie wishing bad one i went theater much hope reviews i finished movie completely silence really thought see even though i never really kind feeling since interstellar its masterpiece everything excellent done passion thanks joaquin and tod movie im speechless its pure drama friends dont miss go watch put happy face silent one could say,positive
2,samanehdds,"I'm not a fan of Batman movies but went to see this with my teenage son. It's truly one of the best movies I have ever seen. I have never felt a movie to be PERFECT, but this movie truly I s. They just don't make movies like this anymore with the perfect story, script, cinematography, score, acting! It will be revered as a cinematic masterpiece. And I do appreciate the political statement it's making. It's not condoning violence. It's trying to reveal what harm mental illness which is ignored by society and even bullied and ridiculed can do. Just saw it for a second time tonight! Will watch again!",im fan batman movies went see teenage son its truly one best movies i ever seen i never felt movie perfect movie truly i they dont make movies like anymore perfect story script cinematography score acting it revered cinematic masterpiece and i appreciate political statement making its condoning violence its trying reveal harm mental illness ignored society even bullied ridiculed just saw second time tonight will watch,positive
3,guillevica,"What a master piece, it so so wondeful, all in this movie is great: the construction of the movie, the ending, the performances, all is amazing Just to be honest I wantt o go again and watch one more time marvelous",what master piece wondeful movie great construction movie ending performances amazing just honest i wantt go watch one time marvelous,positive
4,ahurworth,"Has to be the best movie I've seen in years. It has the feel of Taxi Driver (De Niro). Joaquin Phoenix is just superb, he plays the part so well. The movies pace is just right, you watch a crazy guy that is also a nice guy become slowly criminal, and what the movie does is make you understand and empathise with how it happens. I want to see this movie again and again.",has best movie ive seen years it feel taxi driver de niro joaquin phoenix superb plays part well the movies pace right watch crazy guy also nice guy become slowly criminal movie make understand empathise happens i want see movie,positive
5,aldaihani-92034,"Nice movie, such a great performance from Joaquin deserve the Oscar with no doubt, Great cinematography, great music, the movie take comics cinema to another level.",nice movie great performance joaquin deserve oscar doubt great cinematography great music movie take comics cinema another level,positive
6,mic-41312,Going for a 3rd view tomorrow....2hr film time flies by. Mesmerizing performance by phoenix.,going rd view tomorrowhr film time flies mesmerizing performance phoenix,positive
7,rymd_kamelen,"Even if I didn't love the character that is the Joker, I would still love this movie. Just came out from the cinema, and what is there to complain about? Nothing.

Brilliant scenery, superb acting. The way they cut the trailers was fantastic in relationship to the actual movie. Just watch it!",even i didnt love character joker i would still love movie just came cinema complain nothingbrilliant scenery superb acting the way cut trailers fantastic relationship actual movie just watch,neutral
8,loricossette-20061,"My God, this film is freaking amazing, and Phoenix gives the best performance ever. Think of Heath, a genius that deserved the Oscar, go the other way. Polar opposite interpretations. But both flawless and deserving of awards. See this film. If Phoenix does not get the Oscar, I will riot. Amazing.",my god film freaking amazing phoenix gives best performance ever think heath genius deserved oscar go way polar opposite interpretations but flawless deserving awards see film if phoenix get oscar i riot amazing,positive
9,MGPT80,"There isn't much else to say; Joker is one of the most absorbing, powerful films ever made. The cinematography is remarkable and the score is just perfectly potent and understated. This is not a thrill-a-minute movie designed to keep you entertained throughout. It is a heavy, all-consuming character study that invites you, with reluctance and fascination, into the mind of a severely disturbed outcast. I don't remember any movie leaving me feeling so emotionally disoriented as I left the cinema.

The performance by Joaquin Phoenix is something very special indeed. We spend nearly the full two hours just watching him close up and every second is exhilarating. Rarely, if ever, has a character been so utterly captivating, so desperate and so tragic. His physical acting, from writhing in anguish to dancing with warped delight, is utterly mesmerising. And not once did he ever lay it on too thick. To portray that level of pain and fury without indulging in excess morbidity or melodrama is quite an achievement.

Forget where this masterpiece fits into the world of DC comics and Batman movies; Joker is a stand-alone film that deservedly takes its place amongst the greats.",there isnt much else say joker one absorbing powerful films ever made the cinematography remarkable score perfectly potent understated this thrillaminute movie designed keep entertained throughout it heavy allconsuming character study invites reluctance fascination mind severely disturbed outcast i dont remember movie leaving feeling emotionally disoriented i left cinemathe performance joaquin phoenix something special indeed we spend nearly full two hours watching close every second exhilarating rarely ever character utterly captivating desperate tragic his physical acting writhing anguish dancing warped delight utterly mesmerising and ever lay thick to portray level pain fury without indulging excess morbidity melodrama quite achievementforget masterpiece fits world dc comics batman movies joker standalone film deservedly takes place amongst greats,positive
10,jeffbrewer-90703,This truly was a perfect film. Joaquin Phoenix takes the audience on a journey into madness. Phoenix puts on one of the best performances I've ever seen in movie history. It really felt like you were witnessing a man go insane. I had high expectations for this and it did not disappoint!,this truly perfect film joaquin phoenix takes audience journey madness phoenix puts one best performances ive ever seen movie history it really felt like witnessing man go insane i high expectations disappoint,positive
11,ocosis,"There are moments here, where the lights in Joaquin Phoenix's / Arthur's eyes are so piercing, and so focused, that you are totally drawn into his performance and transformation into Joker. There are so many iconic scenes in this movie, so many, that, to me, make this film an instant classic.

And that's what Joker is.",there moments lights joaquin phoenixs arthurs eyes piercing focused totally drawn performance transformation joker there many iconic scenes movie many make film instant classicand thats joker,positive
12,ianquaidballinger,Society can't treat us gamers this way any longer. Gamers are the most oppressed group in history and it shows. Joker is a modern masterpiece. Nicker Nation rise up,society cant treat us gamers way longer gamers oppressed group history shows joker modern masterpiece nicker nation rise,negative
13,chornby-87034,"Amazing! Amazing! Brilliant acting, fantastic scrip and this will keep you captivated throughout. The best film I've seen in years. Thought provoking too about mental health which is a good thing but if you don't look beyond the film itself for any reasoning behind his downfall it's just a fantastic piece of work.",amazing amazing brilliant acting fantastic scrip keep captivated throughout the best film ive seen years thought provoking mental health good thing dont look beyond film reasoning behind downfall fantastic piece work,positive
14,edimilson-93237,"It's obvious I would say this movie is amazing, it gave me some feels this and that, but guys, pls don't let this movie diminish it's rating to 8, of all the movies that came out from 2010 to 2019, at least one should be 9/10, Endgame tried, almost succeeded, now let's leave Joker 9/10 pls",its obvious i would say movie amazing gave feels guys pls dont let movie diminish rating movies came least one endgame tried almost succeeded lets leave joker pls,negative
15,muhammadmoazikhlas,"This film is definitely a masterpiece. This is probably the most realistic film I've seen since The Dark Knight. The color grading, the soundtracks, the costumes, and overall EVERYTHING is phenomenal. Truly an Oscar Worthy performance by Joaquin Phoenix, Robert De Niro, and others. This film mainly depicts on mental illness, rich vs poor, and what would happen to a person if society doesn't treat him/her well. NO JOKE YOU SHOULD WATCH THIS FILM!!!",this film definitely masterpiece this probably realistic film ive seen since the dark knight the color grading soundtracks costumes overall everything phenomenal truly oscar worthy performance joaquin phoenix robert de niro others this film mainly depicts mental illness rich vs poor would happen person society doesnt treat himher well no joke you should watch this film,positive
16,thetyvonlesure,"Joker is a contemporary example of a chef-d'oeuvre. It's a monumental piece of art. In essence, it's a masterpiece. Joker stars Joaquin Phoenix in a once in a lifetime portrayal of an iconic comic book villain. Barring any connection to the source material, Joker stands on its own as a film that will be upheld in the annals of the decade's best films.

Joker stars Joaquin Phoenix as Arthur Fleck, a mentally unstable man who is trying to find his place in a society that rejects him. Phoenix's portrayal of Arthur is perfection. Phoenix captures the essence of life with mental illness. In a career with so many masterful character portrayals, this is the one that viewers will cite as Phoenix's crown jewel. The emotion within the film supersedes great acting by taking a step into reality. Arthur Fleck is a character that is written so well and so real that it hurts. Where much of the media stigmatizes mental illness, the character of Arthur Fleck humanizes it.

The cinematography in this movie is incredible. 2019 has been a year of great camera work, and this film spearheads the year. There are many iconic scenes layered throughout the film that are phenomenally shot. As the movie progresses, the film grows exceptionally in terms of cinematography. At times it is hard to tell whether the movie was shot digitally or on film. Essentially, this movie bridges the gaps between new wave cinema and contemporary cinema in a graceful manner. The lighting used within the film is atmospheric and successfully matches Arthur's mood throughout the film. The cinematography is masterful.

This film is a Dramatic, Psychological Thriller with a great twist. The writing is insanely clever. The suspense is uncanny. The ending is satisfying and chilling. The supporting cast are great. They add weight to Arthur's emotion, successfully building him up and progressing his development. The soundtrack is iconic. The music enhances the overall experience as opposed to watering it down with noise. This film is damn near perfection. Todd Philips and Joaquin Phoenix created a modern masterpiece

Overall, Joker is a classic in the making. It challenges the stigma surrounding mental illness, presenting a narrative coupled with classism. This movie is important. In a zeitgeist where mental instability is a common issue, this film gives voice to the voiceless.",joker contemporary example chefdoeuvre its monumental piece art in essence masterpiece joker stars joaquin phoenix lifetime portrayal iconic comic book villain barring connection source material joker stands film upheld annals decades best filmsjoker stars joaquin phoenix arthur fleck mentally unstable man trying find place society rejects phoenixs portrayal arthur perfection phoenix captures essence life mental illness in career many masterful character portrayals one viewers cite phoenixs crown jewel the emotion within film supersedes great acting taking step reality arthur fleck character written well real hurts where much media stigmatizes mental illness character arthur fleck humanizes itthe cinematography movie incredible year great camera work film spearheads year there many iconic scenes layered throughout film phenomenally shot as movie progresses film grows exceptionally terms cinematography at times hard tell whether movie shot digitally film essentially movie bridges gaps new wave cinema contemporary cinema graceful manner the lighting used within film atmospheric successfully matches arthurs mood throughout film the cinematography masterfulthis film dramatic psychological thriller great twist the writing insanely clever the suspense uncanny the ending satisfying chilling the supporting cast great they add weight arthurs emotion successfully building progressing development the soundtrack iconic the music enhances overall experience opposed watering noise this film damn near perfection todd philips joaquin phoenix created modern masterpieceoverall joker classic making it challenges stigma surrounding mental illness presenting narrative coupled classism this movie important in zeitgeist mental instability common issue film gives voice voiceless,positive
17,kld-62469,One of the best movies ever ‚úå oscar worth for phoenix,one best movies ever oscar worth phoenix,positve
18,jacks-50177,"This rendition of the Joker is absolutely nuts! That is simply the only rational way to describe. I went into the movie with very high expectations, and may I say those expectations have been exceeded. The way Phoenix portrays him is so incredible, and the scariest part is that he managed to humanize this psychopath and almost make you pity him. I left the movie theater in a state of shock, not completely comprehending the beauty I just saw. Another thing which was done so beautifully in this movie was the way that it strayed away from the DCU and comic book movies as a whole. If this film could be closely related to any film prior it would be ""Taxi Driver"" by Martin Scorsese. All in all, it was incredible movie that is more than likely to make some serious noise at the upcoming oscars!",this rendition joker absolutely nuts that simply rational way describe i went movie high expectations may i say expectations exceeded the way phoenix portrays incredible scariest part managed humanize psychopath almost make pity i left movie theater state shock completely comprehending beauty i saw another thing done beautifully movie way strayed away dcu comic book movies whole if film could closely related film prior would taxi driver martin scorsese all incredible movie likely make serious noise upcoming oscars,positve
19,rhou-99003,Arthur that be a joker rather be a clown. Finally know how joker distort his mind.,arthur joker rather clown finally know joker distort mind,neutral
20,rebekahgillespie,"Joaquin Phoenix is absolutely superb in this film. I'm not exaggerating when I say this; it's the best acting I have ever seen. He adopts the character like I have never seen before.

The film is very dark and twisted and extremely clever. Quite a hard watch at times. The laughing is harrowing!",joaquin phoenix absolutely superb film im exaggerating i say best acting i ever seen he adopts character like i never seen beforethe film dark twisted extremely clever quite hard watch times the laughing harrowing,positive
21,juliabattah,"First of all, let me start with this review by saying I thought the Joker was overrated, seeing how people immediately go to the next trendy thing at the moment, and so I went there either way to have a good time with friends, and the fuss was underrated, yes this is how much I liked it. Second of all, Joaquin WAS the joker, he wasn't only acting, it was unbelievable to see someone reincarnate such evil character but feeling what he feels and the audience was undoubtedly feeling for him and his hardships in life. I just can't wait for the sequel and to know what it holds.",first let start review saying i thought joker overrated seeing people immediately go next trendy thing moment i went either way good time friends fuss underrated yes much i liked second joaquin was joker wasnt acting unbelievable see someone reincarnate evil character feeling feels audience undoubtedly feeling hardships life i cant wait sequel know holds,negative
22,Migaish,"It's mind-blowing to see how far cinema has changed it's portrayal of mentally ill individuals. A dark, beautifully macabre film that always leaves you guessing. There's a lot to unpack but I highly recommend this film, it's something you have to sit down a focus on, but it's incredibly thought provoking",its mindblowing see far cinema changed portrayal mentally ill individuals a dark beautifully macabre film always leaves guessing theres lot unpack i highly recommend film something sit focus incredibly thought provoking,positive
23,angelina-72990,"First of all, please do not compare Joaquin Phoenix's Joker with Heath Ledger's Joker. We are lucky to see two actors playing a very difficult character of Joker brilliantly in their own ways. They are both so good, they are both legends!

In terms of movie, Joker origin story is something very new and very much needed. It has always been emphasized in the DC world that Gotham was irredeemable, that the people were so corrupted that the city was beyond saving. But the reason behind it was never shown. The story has always been told from Batman's point of view. This storytelling is so brilliant, you really sympathize and understand why Joker is what it is. If you see Dark Knight just after this, Joker's love for chaos will make total sense.

It's good to see such a realistic cinema with characters having so much depth. The level of acting and movie making is legendary. Hats off!

Yes the hype is real. Do not miss this masterpiece.",first please compare joaquin phoenixs joker heath ledgers joker we lucky see two actors playing difficult character joker brilliantly ways they good legendsin terms movie joker origin story something new much needed it always emphasized dc world gotham irredeemable people corrupted city beyond saving but reason behind never shown the story always told batmans point view this storytelling brilliant really sympathize understand joker if see dark knight jokers love chaos make total senseits good see realistic cinema characters much depth the level acting movie making legendary hats offyes hype real do miss masterpiece,positive
24,benjaminsieur,"Phoenix is the best he's ever been. The best anyone's ever been. The score and soundtrack is fantastic. The cinematography is great. The writing is amazing. The set, costume and production design are incredible. The film is phenomenal and if it gets snubbed at the Oscars it is officially an unnecessary and completely commercial not at all critical film award ceremony.",phoenix best hes ever the best anyones ever the score soundtrack fantastic the cinematography great the writing amazing the set costume production design incredible the film phenomenal gets snubbed oscars officially unnecessary completely commercial critical film award ceremony,positive
25,masonbriody,"Speechless, words cannot express how much I love this movie but numbers can. So 10/10",speechless words cannot express much i love movie numbers so,positive
26,masonbriody,,,
27,masonbriody,I've watched this film twice so far and I know I'm gonna watch it more times this movie deserves more praise than it already has.,ive watched film twice far i know im gonna watch times movie deserves praise already,positive
28,masonbriody,"Joker is not only Oscar worthy for Joaquin Pheonix's stunning performance but also the well written and directed story that is brought to the big screen. I thought all the hype was ridiculous and the movie was overrated but after watching it, I consider it to be one of the best films of all time. A film has never gripped me with such an emotional experience by maintaining the perspective of the disturbed Arthur Fleck from start to finish.",joker oscar worthy joaquin pheonixs stunning performance also well written directed story brought big screen i thought hype ridiculous movie overrated watching i consider one best films time a film never gripped emotional experience maintaining perspective disturbed arthur fleck start finish,negative
29,usalmalay,Great and atmospheric movie. Interesting story. Full of bright colors. Great work worthy of the DC universe.,great atmospheric movie interesting story full bright colors great work worthy dc universe,positive
30,gamersinfuzed,"Just saw the movie in a midnight premiere in our local and favorite movie theater, and all I can say is thank you! Thank you Mr. Phoenix for a truly awesome, lovable and emotional performance, thank you Mr. Phillips for your creativity and writing. When it comes to Batman and all of Gothams citizens in the movies I'm always pretty sceptic wether they'll be played and portrait right, but when Mr. Phoenix was announced as the next Joker I knew there was no need to worry, then came the first teasers and trailers and my hope grew bigger, and now all I can say is thank you!!",just saw movie midnight premiere local favorite movie theater i say thank thank mr phoenix truly awesome lovable emotional performance thank mr phillips creativity writing when comes batman gothams citizens movies im always pretty sceptic wether theyll played portrait right mr phoenix announced next joker i knew need worry came first teasers trailers hope grew bigger i say thank,neutral
31,nocturn-07199,"Everyone should watch this movie, I would describe it with only one word and that is masterpiece. I'm sute Phoenix will win Oscar foe this.",everyone watch movie i would describe one word masterpiece im sute phoenix win oscar foe,positive
32,lucioperini,This is one of the best films have ever made from a HQ. Todd Phillips teaches how to produce a film from heroes universe and to be deep. He entered on the mental issues that our generation suffer nowadays.,this one best films ever made hq todd phillips teaches produce film heroes universe deep he entered mental issues generation suffer nowadays,positive
33,alfredocardozo-59753,Awesome movie. One of the best movies I've ever seen in the past years. Just incredible.,awesome movie one best movies ive ever seen past years just incredible,positive
34,blanbrn,"Many of us over the years have been attached and thrilled with the ""Clown Prince of Crime"" as D.C. comic fans know as the one and only ""Joker"". And we've seen different takes and spins from Romero's camp, to Ledger's dark wild crazy turn, and the man the one and only Jack played the clown with vanity and brought a proper turn to a bad guy while having fun(Nicholson's ""Joker"" was like that of the late 70's early 80's ""Joker"" in D.C. comics) now enter Phoenix who's much different with a creepy origin story.

Set in the early 1980's Gotham city is gritty, raw and the social and political climate is in the gutter as just getting by is so tough. And just tip toeing and dancing his way thru the drama is Arthur Fleck(in a hell of a turn from Joaquin at least nominate him for a ""Golden Globe"" or ""Oscar"") a lonely and depressed mommies boy who's a skinny starving clown who just can't fit in he's a society misfit. It's really somewhat of a sad character study.

However hope is possible in the form of Fleck wanting to get away from being a clown for children as his real dream is to be a standup comedian as his smile and crazy lasting laugh is always present! As laughter is the cure for his pain! His hope of escape is to appear on a late night talk show hosted by Murray Franklin(Robert De Niro) where Arthur hopes to showcase his talents. Also the only other wild card pleasure he has in his life is dating a single mom named Sophie(Zazie Beetz) from his apartment building. And his sick mother Penny keeps Arthur hanging on with love and hope as that keeps him hanging on.

Only secrets and ghost of the past and painful memories only destroy the fragile mind of Arthur even more as a connection to millionaire Thomas Wayne is revealed and even more shattering is how this connection and more events will lead to ""The Dark Knight"". Great and excellent work from director Todd Phillips who despite making a stand alone dark character study still connects things up with others in the D.C. universe.

Many might see this picture as a dark tragedy I think it's a take and spin on how one is affected by life and then they take on a different role after years of being abused and mistreated in the world by it's people. Still this film is excellent because it's unique and finally glad a stand alone movie celebrates ""The Joker""(the greatest comic book bad guy ever!) As Joaquin's performance was raw, gritty, and a lashing out of some payback to society. Wow enough said best D.C. comics character study ever made!",many us years attached thrilled clown prince crime dc comic fans know one joker and weve seen different takes spins romeros camp ledgers dark wild crazy turn man one jack played clown vanity brought proper turn bad guy funnicholsons joker like late early joker dc comics enter phoenix whos much different creepy origin storyset early gotham city gritty raw social political climate gutter getting tough and tip toeing dancing way thru drama arthur fleckin hell turn joaquin least nominate golden globe oscar lonely depressed mommies boy whos skinny starving clown cant fit hes society misfit its really somewhat sad character studyhowever hope possible form fleck wanting get away clown children real dream standup comedian smile crazy lasting laugh always present as laughter cure pain his hope escape appear late night talk show hosted murray franklinrobert de niro arthur hopes showcase talents also wild card pleasure life dating single mom named sophiezazie beetz apartment building and sick mother penny keeps arthur hanging love hope keeps hanging ononly secrets ghost past painful memories destroy fragile mind arthur even connection millionaire thomas wayne revealed even shattering connection events lead the dark knight great excellent work director todd phillips despite making stand alone dark character study still connects things others dc universemany might see picture dark tragedy i think take spin one affected life take different role years abused mistreated world people still film excellent unique finally glad stand alone movie celebrates the jokerthe greatest comic book bad guy ever as joaquins performance raw gritty lashing payback society wow enough said best dc comics character study ever made,positive
35,ruanrsc,,,
36,marcomorozzi,Simply few words: perfect performance and stunning movie,simply words perfect performance stunning movie,positive
37,sandipbhusal-28012,"Joker is one of a kind comic book movie. Packed with top notch cinematography and Phoenix's career best acting, this movie is the best to come out in years.",joker one kind comic book movie packed top notch cinematography phoenixs career best acting movie best come years,positive
38,reagansteyn,"This movie is as dark and morbid as they come. Don't expect this film to have anything to do with Batman or even the joker. They could've just made a film about a random person that struggles with mental health issues and it would've been a winner. Yes, it's a film about how the Joker came to be but for me, it was more than that. There's a much darker yet relatable story that it tells. It's almost a documentary about the very real illness that MANY of us face but are too scared to reveal until breaking point. The addition of the Joker, well, that's just a bonus. It's not often that a film can make you sympathise with the villain especially after some of the gruesome acts he does, yet, somehow by the end, you can't help but be on his side which actually makes you feel a little uncomfortable after the movies over. Brilliant film, incredible acting and certainly plays on your mind for a while after.",this movie dark morbid come dont expect film anything batman even joker they couldve made film random person struggles mental health issues wouldve winner yes film joker came theres much darker yet relatable story tells its almost documentary real illness many us face scared reveal breaking point the addition joker well thats bonus its often film make sympathise villain especially gruesome acts yet somehow end cant help side actually makes feel little uncomfortable movies brilliant film incredible acting certainly plays mind,negative
39,bioscopewala,"Joaquin Phoenix as an actor has evolved and has created a name for himself. He has been on my radar since Signs and with every movie he has amazed me with his repertoire of talent. A movie that has been etched in my memory is Her. So with these expectations I watched Joker and I was not disappointed. This is the closest and the best origin story. I initially thought it would be an ordinary action flick pleasing everyone considering the director Todd Phillips who is known for The Hangover but I was wrong. This is a movie that every one will relate to, we all have a dark side, we all have felt or are lonely, and we do find society absurd though we conform. The way Joaquin breathes life into the character of Arthur a failed comedian and his slow transformation into Joker is definitely going to be taught at film schools....the finest piece of acting I have seen in ages. With Joker he has surpassed De Niro and DiCaprio in acting. Every other aspect of the movie is superb the haunting music, the dialogues the way it's shot and it is in every way relatable to what is happening today with the pandemic. Chaos. Watch it on repeat!!!!!",joaquin phoenix actor evolved created name he radar since signs every movie amazed repertoire talent a movie etched memory her so expectations i watched joker i disappointed this closest best origin story i initially thought would ordinary action flick pleasing everyone considering director todd phillips known the hangover i wrong this movie every one relate dark side felt lonely find society absurd though conform the way joaquin breathes life character arthur failed comedian slow transformation joker definitely going taught film schoolsthe finest piece acting i seen ages with joker surpassed de niro dicaprio acting every aspect movie superb haunting music dialogues way shot every way relatable happening today pandemic chaos watch repeat,positive
40,prenticecalligan,This movie was amazing! This storyline seems really realistic and possible. I like how it deals with health topics nobody wants to publicly talk about.,this movie amazing this storyline seems really realistic possible i like deals health topics nobody wants publicly talk,positive
41,as-39295,Oscar movie and acting .... Congrats for everyone who delivered this masterpiece to us ... Joaquim best actor or nothing,oscar movie acting congrats everyone delivered masterpiece us joaquim best actor nothing,positive
42,MacReadysBeard,"Joaquin phoenix is amazing in this role. In arthur fleck he gives you the full on creeps , he takes you on a journey into the mind of a madman and he makes you pity him. The film has a gritty early scorsese feel to it. 2 hours well spent . Dont take my word for it go see it. If Joaquin isnt up for an oscar because of this role i'll be shocked",joaquin phoenix amazing role in arthur fleck gives full creeps takes journey mind madman makes pity the film gritty early scorsese feel hours well spent dont take word go see if joaquin isnt oscar role ill shocked,positive
43,alexsafford,"'Joker' is a huge breath of fresh air to the movie industry at the moment. The amount of mundane films that have been released in recent years has become somewhat tiresome. This film has set the bar for 2019's films.

'Joker' is a very educational film and is a real eye opener to the current state of affairs in terms of the oppression in society, more specifically, the lower class.

The film is paced brilliantly, is the perfect length, was never once boring and just outright engaging. So captivating and heart wrenching to watch that it really leaves you feeling stunned.

Cannot recommend this film enough",joker huge breath fresh air movie industry moment the amount mundane films released recent years become somewhat tiresome this film set bar filmsjoker educational film real eye opener current state affairs terms oppression society specifically lower classthe film paced brilliantly perfect length never boring outright engaging so captivating heart wrenching watch really leaves feeling stunnedcannot recommend film enough,positive
44,eonian-85028,"I Was not expecting this movie to be such a masterpiece at every single level. It is truly what a movie should be: transporting you in the psyche of someone that is not you and make you relate to this person in some strange way. I'm speechless by how incredible it was, how I was taken by surprise... We knew Phoenix to be a great actor for twisted vilain since Gladiator , but now it is going to be impossible to imagine the Joker without him playing it. There is such depth in his acting, such a raw interpretation of mental illness. I'm just baffled how he is able to carry the movie and this level of intensity from the first minute to the last one on -almost- a stand alone performance. Very impressive performance that make some A list actors look like amateur who can only play themselves. As an origin story for the joker, it brings so much depth to this DC character and thinking of the Joker now in previous Batman movie, make him become such an interesting vilain.

As a final note, I loved how they twisted the birth of Batman and kept the previous work done with Batman begins coherent but slightly different.

I thought before that DC was doing a poor job transposing their universe and character to the big screen (except for Batman Begins) but man, this movie changed my mind! Congrats to all the team who work on making this move a reality, and a standing ovation to Mr Phoenix for granting us of such an acting performance. Already a classic!",i was expecting movie masterpiece every single level it truly movie transporting psyche someone make relate person strange way im speechless incredible i taken surprise we knew phoenix great actor twisted vilain since gladiator going impossible imagine joker without playing there depth acting raw interpretation mental illness im baffled able carry movie level intensity first minute last one almost stand alone performance very impressive performance make a list actors look like amateur play as origin story joker brings much depth dc character thinking joker previous batman movie make become interesting vilainas final note i loved twisted birth batman kept previous work done batman begins coherent slightly differenti thought dc poor job transposing universe character big screen except batman begins man movie changed mind congrats team work making move reality standing ovation mr phoenix granting us acting performance already classic,neutral
45,mahdiy-89469,"Joker is a masterpiece unlike any CBM(comic book movie) that has come before it.

It touches on topics that are extremely relevant in today's society such as mental health, modern-day crime and corruption, and moral bankruptcy through the journey of the main character, Arthur Fleck. He is a man with high hopes and dreams at the beginning of the film who struggles to make things work for himself due to his mental instability and inability to fit in. All the unfortunate events that take place transform Arthur into the infamous big bad of Gotham we all know, the Joker.

Joaquin Phoenix absolutely kills it in this movie. His poignant performance gave the movie what it needed in telling its dark and gritty story and is arguably the best Joker performance ever. The musical score was spot on and gave the movie the melancholic feel it sought to instill in its viewers. The film was aesthetically striking and a beauty to watch.

This was a film whose main character I heavily sympathized with and one that made me reflect on how we treat and regard those who are less fortunate. The film delivers a very powerful message about modern society.",joker masterpiece unlike cbmcomic book movie come itit touches topics extremely relevant todays society mental health modernday crime corruption moral bankruptcy journey main character arthur fleck he man high hopes dreams beginning film struggles make things work due mental instability inability fit all unfortunate events take place transform arthur infamous big bad gotham know jokerjoaquin phoenix absolutely kills movie his poignant performance gave movie needed telling dark gritty story arguably best joker performance ever the musical score spot gave movie melancholic feel sought instill viewers the film aesthetically striking beauty watchthis film whose main character i heavily sympathized one made reflect treat regard less fortunate the film delivers powerful message modern society,positive
46,RinoBortone91,"Watched it on day one, it's more than two months and I still have goosebumps. The movie isn't that original, isn't something that you haven't seen before, but it's original in its purpose and vision. Todd, Joaquin and the whole working team had made one of the most iconic movies of all time portraying a different and original version of the Joker we all know but he's a metal ill, twisted and a suffering man that tries to be loved, understood, he wants his tears to be dried and he wants to be one of us, but he can't, he knows he can't and for that he'll become something else, choosing a path that himself seems to not accept. Joker earns 10 stars from me, not only because it's a magnificent movie, but because it's easily recognisable and it will stuck in your minds as most of icons movies from the past has done with your mind. Last but not least: Oscar-worthy ? All-in.",watched day one two months i still goosebumps the movie isnt original isnt something havent seen original purpose vision todd joaquin whole working team made one iconic movies time portraying different original version joker know hes metal ill twisted suffering man tries loved understood wants tears dried wants one us cant knows cant hell become something else choosing path seems accept joker earns stars magnificent movie easily recognisable stuck minds icons movies past done mind last least oscarworthy allin,positive
47,zerooscar,"I don't know what you call this, but it's not a movie. This is like.. biblical. It's like hearing a pastor preach about bible stories and then one day, God shows up and reveals what actually, and really happened, and it blows your mind away on levels you never before imagined. That's what this is. It is revealing and I'm not sure why the Director / Producers would do what they have done here, with this Masterpiece. They have laid strokes NO ONE can follow today. They will have to watch what they eat, what they drink, where they go, 24/365 security for them now. They have done this to themselves because envy is a hell of a thing. Congratulations on a film so well done, in my opinion, it is unmatched. The only ones that comes close is Amadeus and The Matrix.",i dont know call movie this like biblical its like hearing pastor preach bible stories one day god shows reveals actually really happened blows mind away levels never imagined thats it revealing im sure director producers would done masterpiece they laid strokes no one follow today they watch eat drink go security they done envy hell thing congratulations film well done opinion unmatched the ones comes close amadeus the matrix,neutral
48,kosy-62100,"This movie is a masterpiece! The acting and character development is one of a kind. Not your typical kid friendly action hero movie (I was hoping it wouldn't be). Instead, it tells the story of a deeply disturbed man and his rise to power. A psychological work of art.

A must see!",this movie masterpiece the acting character development one kind not typical kid friendly action hero movie i hoping wouldnt instead tells story deeply disturbed man rise power a psychological work arta must see,positive
49,keyhaniomidph,"Phoenix's mesmerizing act is great, Unique story , great design and... The best movie that you could see in this year.",phoenixs mesmerizing act great unique story great design the best movie could see year,positive
50,shashthezarch,Plz its my humble request. Its an amazing movie. Dont let it drop below that overhyped garbage.,plz humble request its amazing movie dont let drop overhyped garbage,negative
51,shashthezarch,"I dont understand the hate. I was very excited for this movie, then I read some reviews saying that it isnt actually good. But why? I saw one review where s/he literally wrote that s/he wanted to see a villain killing for no reason. Is that how a story works? If someone is a psycho. There has to be some reason and proper explanation about what he is doing or why he is doing. Killing people without any reason doesnt bring any character arc to the character. I think Phoenix nailed it as the Joker. His acting was perfect. If we talk about Cinematography, then its pretty notched up. The violence and action in this movie isnt high like any other superhero movie. But I think thats what make this movie more realistic and relatable to the real world. I am a die hard marvel fan, and I loved this movie. Music score is top notched, you would have heard it in the teaser trailer. His laughs really shows someone with suffering nd pain. The best thing I observe about this movie is that its well placed. The scenes have been deleted and cut in a proper manner, to give the exact runtime that a plot like this should have. It just didnt feel stretched. I lob",i dont understand hate i excited movie i read reviews saying isnt actually good but i saw one review literally wrote wanted see villain killing reason is story works if someone psycho there reason proper explanation killing people without reason doesnt bring character arc character i think phoenix nailed joker his acting perfect if talk cinematography pretty notched the violence action movie isnt high like superhero movie but i think thats make movie realistic relatable real world i die hard marvel fan i loved movie music score top notched would heard teaser trailer his laughs really shows someone suffering nd pain the best thing i observe movie well placed the scenes deleted cut proper manner give exact runtime plot like it didnt feel stretched i lob,negative
52,alyannaw,"I have just witnessed a masterpiece of an acting! I can't remember the last time I've seen a performance like that. The movie was well written, brilliantly directed and would like to see it once again!",i witnessed masterpiece acting i cant remember last time ive seen performance like the movie well written brilliantly directed would like see,positive
53,dhughbnks,,,
54,Salva20,This film is phenomenal. It's commentary on certain aspects of society and mental illness will leave you in a state of reflection. Joaquin Phoenix also captures and holds your attention throughout the film in a truly mesmerizing performance. I wouldn't recommend this film for the faint of heart as it is very dark.,this film phenomenal its commentary certain aspects society mental illness leave state reflection joaquin phoenix also captures holds attention throughout film truly mesmerizing performance i wouldnt recommend film faint heart dark,negative
55,cute_mughal-24574,"That was my favorite line from the movie gosh man I'm a fan what a movie, and trumendous acting from joaquin I will say to Todd and joaquin you'll get what you deserve and you two deserve oscar award",that favorite line movie gosh man im fan movie trumendous acting joaquin i say todd joaquin youll get deserve two deserve oscar award,positive
56,youcanprosperfromhome,"Todd Phillip's Joker is strange, gripping, and unlike the films it shares its comic book category. Grounded by a world that's hard to look at, littered with sure-to-be-iconic character shots, fueled by a heart breaking performances, and sewn together by a near perfect score; Joker is sure to both divide and captivate audiences for decades to come",todd phillips joker strange gripping unlike films shares comic book category grounded world thats hard look littered suretobeiconic character shots fueled heart breaking performances sewn together near perfect score joker sure divide captivate audiences decades come,negative
57,sachulekha,Classy touch of film making Phoenix acted as best joker i have ever seen as a DC fan‚ù§,classy touch film making phoenix acted best joker ever seen dc fan,positive
58,chapu-75314,With out words. I didn't spect something like this. Just increible. Just amazing.,with words i didnt spect something like just increible just amazing,positive
59,sofijassir,"Critics are wrong, this movie is amazing; great performances and amazing cinemtagraphy",critics wrong movie amazing great performances amazing cinemtagraphy,positive
60,demirkasapoglu,,,
61,nganooswalt,The movie was amazing in everything the acting directing everything and Joaquin Phoenix did a great job making the role if you haven't watched the movie yet I suggest you to go right now!,the movie amazing everything acting directing everything joaquin phoenix great job making role havent watched movie yet i suggest go right,positive
62,zahamako,"At first I was hesitant to watch this film, mainly because of DC's past movies like Suicide Squad, Batman V Superman, Justice League, etc. But this is a more realistic take on one of the most iconic super villains of all time. Joker is a cinematic masterpiece. The cinematography is spectacular and I never thought I would see another movie that looked as stunning as this. Joaquin Phoenix's performance in my opinion is better than Heath Ledgers. The movie is presented in a dream-like manor, moments where scenes are just fantasies in Arthur's head which makes it ambiguous and up for interpretation. The final 15 minutes is absolutely phenomenal and I left the movie theater with a smile, highly satisfied with what I saw. Film buffs would appreciate this movie more due to it's themes and Martin Scorsese-like-style. If you love Martin Scorseses movies like Taxi Driver, Raging Bull, Goodfellas, then you will love this film. Don't listen to the mixed reviews, if you want to have a great 2 hrs and 2 mins, then go see this movie.",at first i hesitant watch film mainly dcs past movies like suicide squad batman v superman justice league etc but realistic take one iconic super villains time joker cinematic masterpiece the cinematography spectacular i never thought i would see another movie looked stunning joaquin phoenixs performance opinion better heath ledgers the movie presented dreamlike manor moments scenes fantasies arthurs head makes ambiguous interpretation the final minutes absolutely phenomenal i left movie theater smile highly satisfied i saw film buffs would appreciate movie due themes martin scorseselikestyle if love martin scorseses movies like taxi driver raging bull goodfellas love film dont listen mixed reviews want great hrs mins go see movie,positive
63,carriejenkinson,"Joaquin Phoenix Is simply outstanding! One of the best films I've seen for years.. just absolutely loved it!!

And the Oscar goes to...",joaquin phoenix is simply outstanding one best films ive seen years absolutely loved itand oscar goes,positive
64,hannahb-44910,This is some of the best acting I've seen in a long time. It takes a lot for me to concentrate through a whole movie and this had me gripped from start to finish. A background story with so much depth and a big and important focus on mental health and nurture,this best acting ive seen long time it takes lot concentrate whole movie gripped start finish a background story much depth big important focus mental health nurture,positive
65,syedhussain-96714,"Brilliant Film! Deserves a 10 rating! There are also themes about the effect of loss, love, and friendship going in the proceedings here.",brilliant film deserves rating there also themes effect loss love friendship going proceedings,positive
66,scottmactaggart,"In a time when popcorn movies rule (and make no mistake, I enjoy those too) this is the exception. Every single aspect of this movie is astounding - acting (especially the acting - all hail Joaquin Phoenix), the music (I'm listening to it now - something I rarely do for movie soundtracks), the lighting, the sets - everything.

Watch it. Then watch it again. In the cinema both times.

But a gentle warning - it's not a superhero movie, it's not light, it's not especially fun (although there are some amusing moments), and it requires some concentration, but you will be captivated.",in time popcorn movies rule make mistake i enjoy exception every single aspect movie astounding acting especially acting hail joaquin phoenix music im listening something i rarely movie soundtracks lighting sets everythingwatch then watch in cinema timesbut gentle warning superhero movie light especially fun although amusing moments requires concentration captivated,posiitve
67,bada-65197,"The Joker won. Absolutely tremendous, what acting skills are we talking about ? It is amazing!",the joker absolutely tremendous acting skills talking it amazing,positive
68,omranha-07285,"Amazing ! But be carefull , there is side eeffects ! Best movie i watched ever at cinema!",amazing but carefull side eeffects best movie watched ever cinema,posiitve
69,valentine-15890,"I just saw it and I can't help thinking of JOKER'S LAUGHING,which is very impressive. Best acting! The violin music is very outstanding ... Everyone one should learn something from this incredible film,that we should pay attention to mental healthy as well as not to bully others. I definitely recommend this movie.Besides I expect JOKER would obtain several OSCAR AWARDS!!!Especially the best actor!! There is no doubt that Joaquin deserves an OSCAR ü§° I reckon that the JOKER has become a symbol of madness,craziness,chaos.",i saw i cant help thinking jokers laughingwhich impressive best acting the violin music outstanding everyone one learn something incredible filmthat pay attention mental healthy well bully others i definitely recommend moviebesides i expect joker would obtain several oscar awardsespecially best actor there doubt joaquin deserves oscar i reckon joker become symbol madnesscrazinesschaos,positive
70,toniespino,"There is nothing else to say. This is THE movie of the decade, haven't seen so much hype for a movie in a long time. What else can I say, Warner you did good even after the horrible DC movies you got up again and proved there is more than just Marvel. This is the movie that will save the lost art of cinema.",there nothing else say this the movie decade havent seen much hype movie long time what else i say warner good even horrible dc movies got proved marvel this movie save lost art cinema,positive
71,giorgibregvadze,"No superpowers, buf still the best villain ever. Just best performance, outstanding. This movie shows another reason why We love the joker",no superpowers buf still best villain ever just best performance outstanding this movie shows another reason we love joker,positive
72,sav-83975,It's hard to describe how good this movie was. I just know the sequel will be amazing. Can't wait.,its hard describe good movie i know sequel amazing cant wait,positive
73,tangli-47554,"Best movie I have ever seen!! I can't get my eyes off the screen for the entire movie. It's hitting your heart in every direction possible. Go see it, don't miss it!",best movie i ever seen i cant get eyes screen entire movie its hitting heart every direction possible go see dont miss,positive
74,robertnecula,"A good movie if you want to watch go!! The acting is great, the story is grateful. And Joker is The Movie of 2019 Overall.",a good movie want watch go the acting great story grateful and joker the movie overall,positive
75,Manveer_Mathur,"It was pretty clear from before the movie got released that despite being a central comic book villain, Joker would not be anywhere along the lines of any superhero/super villain film we've ever seen. Instead of having the clown of Gotham going on a mad rampage to burn down the city, we witness an origin story for Joker : a story of how a normal if not slightly delusional person on being bogged down by society can turn into an uncontrollable, cold-blooded madman that we all know of.

Joker's alter ego Arthur Fleck's struggles makes it immensely relatable and it is amazing to watch the character develop throughout the film. Joaquin Phoenix never fails, delivering a strong performance and proving that he is one of the best, most devoted method actors in the industry.

Joker rides on a simple plot fueled by a cast of extraordinary actors and a spine-chilling soundtrack which goes perfect with the protagonist's actions. With a couple of gory scenes, the movie can feel a bit heavy to handle. The movie, with beautiful cinematography ,successfully captures the essence Prince Clown of Gotham!",it pretty clear movie got released despite central comic book villain joker would anywhere along lines superherosuper villain film weve ever seen instead clown gotham going mad rampage burn city witness origin story joker story normal slightly delusional person bogged society turn uncontrollable coldblooded madman know ofjokers alter ego arthur flecks struggles makes immensely relatable amazing watch character develop throughout film joaquin phoenix never fails delivering strong performance proving one best devoted method actors industryjoker rides simple plot fueled cast extraordinary actors spinechilling soundtrack goes perfect protagonists actions with couple gory scenes movie feel bit heavy handle the movie beautiful cinematography successfully captures essence prince clown gotham,neutral
76,toutouguy,,,
77,raspecwamen,"Go watch this movie. Seriously. That's all. One of the best portrayal of Joker , after Heath Ledger in the Dark Knight. I hope they will win Oscars.",go watch movie seriously thats one best portrayal joker heath ledger dark knight i hope win oscars,positive
78,sandeepmourya-89733,"A spectacular display of direction, acting, cinematography, in the era of stupid CGI action movies...",a spectacular display direction acting cinematography era stupid cgi action movies,positive
79,jackmcc-50755,Really good plot and GREAT acting just extremely dark,really good plot great acting extremely dark,positive
80,thomasfinch-10748,"Truly an incredible film, acting from Pheonix some of the best I've seen, if he doesn't win an Oscar I'll be surprised. HIGHLY RECOMMEND SEEING THIS FILM!",truly incredible film acting pheonix best ive seen doesnt win oscar ill surprised highly recommend seeing this film,positive
81,ateeg-62898,"Masterpace ,great.best movie in last 4 or 5 years.i wich phonix win oscar gor he great proforms",masterpace greatbest movie last yearsi wich phonix win oscar gor great proforms,positive
82,rubaiyatzisan,One of the Best Movie So Far In Hollywood Industry! Todd Philips! U beauty ‚ù§ Phoenix üòòüòòüòòüòòüòòüòòüòò Love From Bangladesh ‚ù§‚ù§‚ù§‚ù§,one best movie so far in hollywood industry todd philips u beauty phoenix love from bangladesh,positive
83,aarronjtaylor,"As a HUGE Nolan trilogy fan I went into this with low expectations. I mean, who could compare with Ledgers Joker portrayal, let alone compete with the great script and plot 'The Dark Knight' gave us?

I couldn't have been more wrong. This movie completely blew me away. Not only was this great entertainment, but I left the cinema genuinely moved. Joaquin Phoenix will win the Oscar this year- no doubts.

This is not the origin story of any joker you have seen before. This is a very different take, and dare I say more realistic dissection of a villain we have all loved and hated for over a decade. I would love to see a sequel but a) I don't know how it would work and b) would be so scared they tarnished this work of art.

If you haven't seen it yet, buy a ticket now and go. You will NOT be disappointed.",as huge nolan trilogy fan i went low expectations i mean could compare ledgers joker portrayal let alone compete great script plot the dark knight gave usi couldnt wrong this movie completely blew away not great entertainment i left cinema genuinely moved joaquin phoenix win oscar year doubtsthis origin story joker seen this different take dare i say realistic dissection villain loved hated decade i would love see sequel i dont know would work b would scared tarnished work artif havent seen yet buy ticket go you not disappointed,negative
84,mrhfcb,What a great movie what a legend actor is just a masterpiece that's it.,what great movie legend actor masterpiece thats,positive
85,danielmatosbr,"There is nothing more delightful than an orchastreted chaos!

Phoenix presents us a man who hasn't really existed for his whole life. The awfulness is a routine, as the happiness is completely absent, nonexperienced.

Thereby, we are forced to witness nothing but misery, due to an A. Fleck struggling to mitigate his own nature: the comedy within the artist.

When the one is finally able to give birth to himself, there are no more barriers to push him back. The society is no longer capable to disregard a man it no longer owns.

Put on a happy face...and enjoy a hilarious psycopath in his full glory.

That's all. That's life.",there nothing delightful orchastreted chaosphoenix presents us man hasnt really existed whole life the awfulness routine happiness completely absent nonexperiencedthereby forced witness nothing misery due a fleck struggling mitigate nature comedy within artistwhen one finally able give birth barriers push back the society longer capable disregard man longer ownsput happy faceand enjoy hilarious psycopath full glorythats thats life,positive
86,larbidinari,This movie is an absolute piece of art I've never been Soo happy and thrilled to see a movie until this it's defrent and real and just amazing,this movie absolute piece art ive never soo happy thrilled see movie defrent real amazing,positive
87,blazesuncaster,,,
88,rosesailcat-84091,"I don't like violent films and I don't like comic books and comic book characters. That being said, I LOVED ""Joker""--as a former New Yorker, I loved the ""mood"" and lighting of this film's ""city,"" the ""characters"" you will only find in this crazy place, the lifestyle and intensity and madness that doesn't exist anywhere else on the planet and only really exists if you yourself are living somewhat on the edge. It's Bellevue and St. Vincent's and The Pyramid Club and every seedy street corner from ""Law and Order SVU"" rolled into one. Joaquin Phoenix is SO brilliantly uncomfortable you might check yourself in just to make sure you are still relatively the same person you were before you agreed to see this film.",i dont like violent films i dont like comic books comic book characters that said i loved jokeras former new yorker i loved mood lighting films city characters find crazy place lifestyle intensity madness doesnt exist anywhere else planet really exists living somewhat edge its bellevue st vincents the pyramid club every seedy street corner law order svu rolled one joaquin phoenix so brilliantly uncomfortable might check make sure still relatively person agreed see film,neutral
89,theyashl,"First of all the most attractive thing in this film is the Acting.. such a brilliant acting by Joaquin Phoenix. The next best thing is the story. Really, this film is just like a biopic of Joker but the story is really awesome. Next thing is its Screenplay. Such a beautiful presentation. I really liked this movie. According me this is one of the best movie from DC universe.",first attractive thing film acting brilliant acting joaquin phoenix the next best thing story really film like biopic joker story really awesome next thing screenplay such beautiful presentation i really liked movie according one best movie dc universe,positive
90,mighrimqhdi,"I'm literally impressed and extremely happy Joker will be the beginning of a revolution in the world of cinema and comic book movies ( i hope ). This movie is brilliant, thrilling, sad and a beautiful dark masterpiece. A spectacular character study with an unbelivebale and outstanding performance from Joaquin Phoenix, this is by far the best performance in last 10 years, the way he laughs, his body language, his eyes, his facial expressions are all out of this world, Joaquin conveys all types of emotions in a sensational way. The story is well paced and takes us step by step with arther and his fall from sanity to insanity each action and each detail matters and affects the coming events and makes us as audience understand to some degree the horrible actions that arther will do in the future. This movie accuses us the society and puts the blame on us for the way we treat ourselves and how we create within us monsters. The Joker that we get in the end is a moving representation of the corruption in our society and especially our media wich explains why there is a group of ""critcs"" that are demonizing The movie and ignoring the art in it and the big message it carries. Todd Philips you surprised me this is big jump in your career from comedy to such a perfected drama the shots, the close ups, the cinematography, the tone of the movie everything is really masterful and of course how can i forget Hildur guonadottir and her mesmerizing score that fits perfectly each scene and each transformations arther goes through, her soundtrack plays with our emotions and our nerves and makes us feel the darkness of this movie. This Film is nearly perfect, hard to watch, tough and makes you think about a lot of things. The only thing that may be bugging for some is the heavy inspiration from Scorsese's movies especially taxi driver and the king of comedy, i don't consider this a bad thing each filmmaker must be ispired from other works but it's a little but obvious here even so it's not a problem for me and because of all the other good things that impressed me and touched my soul and the questions that this work of art made me ask i give it a 10/10.",im literally impressed extremely happy joker beginning revolution world cinema comic book movies hope this movie brilliant thrilling sad beautiful dark masterpiece a spectacular character study unbelivebale outstanding performance joaquin phoenix far best performance last years way laughs body language eyes facial expressions world joaquin conveys types emotions sensational way the story well paced takes us step step arther fall sanity insanity action detail matters affects coming events makes us audience understand degree horrible actions arther future this movie accuses us society puts blame us way treat create within us monsters the joker get end moving representation corruption society especially media wich explains group critcs demonizing the movie ignoring art big message carries todd philips surprised big jump career comedy perfected drama shots close ups cinematography tone movie everything really masterful course forget hildur guonadottir mesmerizing score fits perfectly scene transformations arther goes soundtrack plays emotions nerves makes us feel darkness movie this film nearly perfect hard watch tough makes think lot things the thing may bugging heavy inspiration scorseses movies especially taxi driver king comedy dont consider bad thing filmmaker must ispired works little obvious even problem good things impressed touched soul questions work art made ask give,positive
91,morakhat,"This movie come out with a different play I will say. Watching the trailer I dreamed about the movie would be much dark and more sympathetic to Joker. But in the hall I couldn't keep my eyes off the movie. It wasn't the movie that I thought it would be. Phoenix acting deserves some memorable rewards. I would recommend everyone can watch the movie if he/she has heart and brain to understand it. Do not go to the negative way, there is a lot to live in affirmative. Tod you are awesome. And sound effects were mind blowing. Hats off...",this movie come different play i say watching trailer i dreamed movie would much dark sympathetic joker but hall i couldnt keep eyes movie it wasnt movie i thought would phoenix acting deserves memorable rewards i would recommend everyone watch movie heshe heart brain understand do go negative way lot live affirmative tod awesome and sound effects mind blowing hats,positive
92,fitnessmedic,"Uncomfortable, unsettling, provocative, a masterpiece of a film that makes you feel every scene from start to finish. I rewatched The Dark Knight and this movie was a stand alone and unique movie experience. GO WATCH IT!",uncomfortable unsettling provocative masterpiece film makes feel every scene start finish i rewatched the dark knight movie stand alone unique movie experience go watch it,positive
93,malloryem,This is one of the best movies i've seen. thank you,this one best movies ive seen thank,positive
94,kikkomanph,,,
95,shinginharig,Absolutely great performance. Phoenix owns this role. The character development is amazing.,absolutely great performance phoenix owns role the character development amazing,positive
96,afnansaeed-76293,One of the best movies. I really recommend it to you gys,one best movies i really recommend gys,positive
97,legorocks-30147,,,
98,tusharshanker-96210,"This movie is truly a masterpiece. The acting, cenimatography and story all are really very good and soundtracks are also amazing.",this movie truly masterpiece the acting cenimatography story really good soundtracks also amazing,positive
99,a_z_love-28027,One of the best movies in my life .. story .. acting .. director.. sound tracks every thing is marvelous you must see this movie .. it's hard to see movie like this for years coming,one best movies life story acting director sound tracks every thing marvelous must see movie hard see movie like years coming,positive
